Timestamp,Club Name (with Institute Name),"Please provide a brief introduction to club, your primary contact point (email/social links), and a list of your most prominent projects, works, or milestones.  ","What kind of informal blogs, articles, or project updates would your chapter like to contribute to the website?  ","Apart from individual club pages and blogs, what are the top 3 sections or features you want to see on the ISAAC homepage? (e.g., National Event Calendar, Interactive India Chapter Map, Gallery, Resource Library).","What specific resources, project files, or tools should the website host to help your chapter grow? (e.g., CAD templates, astronomy data analysis code/scripts, study materials, event hosting guides).",What is one unique feature or creative idea that would make the ISAAC national website stand out from any other student organization site?  ,"Google Drive link containing your club's content (such as project photos, astrophotography raw/edited images, event posters, or reports)"
11/06/2026 14:20:52,"Krittika, The Astronomy Club of IIT Bombay","Instagram
krittika.iitb

For a list of our activities please visit https://krittikaiitb.github.io/

For a more detailed version, we publish an annual work report which you can access by DMing me at +91 9527958679",We would love to collaborate on content related to computational Astronomy ,"1) Nationwide AP community 
2) Astronomy Related Internship Blog
3) Advice portal for early career researchers",Study Material for International Olympiads,Good Aesthetics :),
11/06/2026 14:50:22,Cosmos Astronomy Club MIT WPU Pune,"Email: mailto:cosmos.astro-club@mitwpu.edu.in
Instagram: mitwpucosmos
We are a student-led astronomy club at MIT World Peace University, Pune, with our own operational observatory and ground station built and operated by students. Our imaging work spans a wide range of astronomical objects using professional-grade equipment including a RASA 11” telescope and ZWO ASI1600 astrocamera. We also run a dedicated radio astronomy setup comprising a Yagi antenna, Horn antenna, and H1 line feed, and have frequent collaborations with the Ham Club of Pune. Academically, we regularly collaborate with JVP and host talks by researchers from IISER and IUCAA. Beyond research, we maintain an active outreach presence, bringing astronomy to students and the broader community.",Astrophotography and Radioastronomy ,Forums where various astronomy clubs across India can interact.,Ability to upload and transfer data so that our work is easily accessible to the public.,,
14/06/2026 11:55:08,Niharika - IACS Kolkata,"Email: niharika.iacs@gmail.com, niharika@iacs.res.in 

Phone: 6294841044

Instagram: instagram.com/niharika_iacs
LinkedIn: www.linkedin.com/company/niharikaiacs/
Website: iacs.res.in/niharika","Weekly Student Discussion Sessions, Outreach Event Updates, etc. for now ","Interactive India Chapter Map, Astrophotography Gallery, Resource Library",Event Collaborations ,Keep it ad-free at all costs,All Google Drive Links are present at: https://iacs.res.in/niharika/events.html
15/06/2026 08:35:48,"Accretion, Sai University","Accretion is a young astronomy club at Sai University, built by students who are drawn to the sky not just through technical knowledge, but through curiosity, wonder, and a genuine love for space. Coming from an interdisciplinary university, we wanted the club to feel open to everyone whether someone knows astrophysics, enjoys photography, writes about the Moon, or simply loves looking up at the night sky.

The name “Accretion” captures the spirit of the club beautifully: small particles slowly coming together to form something larger. In the same way, our club is growing through small conversations, ideas, observations, and shared curiosity :)

Email: astronomyclub@saiuniversity.edu.in
Instagram: https://www.instagram.com/the.accretion/
",We would love to contribute informal newsletters,"1. Beginner Astronomy Corner
A section for students who are curious about astronomy but do not know where to begin. Not everyone starts with equations, telescopes, or technical knowledge. Some people only know planets and constellations at first, and that is completely okay. This section could have simple guides, basic skywatching tips, astronomy vocabulary, and “start here” resources.

2. National Event Calendar
A shared calendar where different ISAAC chapters can post upcoming stargazing sessions, workshops, talks, competitions, webinars, and collaborative events. This would help chapters stay connected and also allow students from different universities to participate in each other’s activities.

3. Interactive Chapter Map / Chapter Showcase
A map or showcase of all ISAAC chapters across India, with their club pages, social links, ongoing activities, and major projects. This would make the national network feel more alive and help younger chapters learn from older or more active ones.","The website could host beginner-friendly resources and practical templates that help chapters grow without needing everything to be highly technical from the start.

Useful resources could include:

Simple skywatching guides.
Monthly observation checklists.
Event-planning guides for stargazing nights, talks, and workshops.
Poster, newsletter, and event report templates.
Beginner astronomy reading material.
Basic telescope usage guides.
Introductory astronomy data analysis scripts or tutorials.
Astrophotography basics and image-processing guides.
Sample project ideas for student astronomy clubs.
A shared archive of newsletters and project reports from different chapters.

These resources would help clubs like ours grow step by step, especially when members are enthusiastic but still learning.","One unique feature could be a “Start Where You Are” astronomy pathway.

The idea is simple: not every student enters astronomy in the same way. Some come through science, some through photography, some through mythology, some through coding, and some simply because the sky makes them feel something. The website could guide students based on their interests and comfort level.
",https://drive.google.com/drive/folders/1P2mMW-6A3DiNz8zMrLfYpju3W-bwaQXx?usp=sharing
15/06/2026 08:49:01,OrbitX - Zeal college of engineering and research ,"Club aims to collectively grow and bring the people with same goal in astronomy and space science together and build crazy things. Contact - president.orbitx@zealeducation.com. We have conducted solar spot observation in our campus for whole college. Visited various space institutions like IUCAA telescope, Giravli. GMRT radio telescope visit.",Blogs about recent space missions World wide,"National event calendar, latest launches, gallery",Astronomy data analysis using the real time dataset links maybe. And problem statement that could students work on.,The spread that we have across the country.,https://drive.google.com/drive/folders/1sDUBTPAjSkz0rPdOPEhEGLTGN0ABaac4?usp=drive_link
15/06/2026 15:44:22,Astrae(IISc),"We are Astrae, the Astronomy and Astrophysics Club of IISc. We conduct night-sky outings, solar and nighttime observations, and astrophotography sessions.

Over the years, we've organized some memorable programs, including stargazing trips and our Summer Project Expo, and we're actively working on bringing more open-to-public lectures, workshops, and observation events to the community.

Get in touch or stay updated:

 Email: [astrae@iisc.ac.in]
 Instagram: [astrae.iisc]","We'd like to contribute with newsletters, educational blogs and research articles covering the fundamentals of the topics so that it can have a wide range of readers ",A calender including all the major astronomy events. A news and updates section. And some good astrophotographs.,Astronomy data analysis code/scripts and study materials.,Regularly posting beginner friendly content on social media platforms like instagram reels.,https://drive.google.com/drive/folders/1gz4kQSQshAPO3uPn3n8l8L2kD9BstpP8
17/06/2026 23:32:14,SEDS Antariksh (VIT Chennai),"Operating under the global umbrella of SEDS India, SEDS Antariksh at VIT Chennai is a high-impact technical chapter and a launchpad for future space professionals. We bridge the gap between classroom theory and practical aerospace systems through hands-on engineering projects—including CubeSats, CanSats, and robotics—while fostering technical upskilling, industry networking, and space science outreach.

Gmail:             sedsantariksh@gmail.com
Instagram:      @seds_antariksh
LinkedIn:         SEDS Antariksh, VIT Chennai
medium:          @sedsantariksh","The ones that are similar to our medium page, interesting facts, astronomical news and etc","1) Resource Library
2) Live Astronomical calendar
3) Daily Quiz","Astronomical data analysis, materials",Daily Space wordle,https://docs.google.com/document/d/1ur-DgGFrBJKz1ssheersEyZNuJE8ZBiH4wmK16xWtTE/edit?usp=drive_link
20/06/2026 18:12:36,NISER Astronomy Club (National Institute of Science Education and Research),"NISER Astronomy Club (NAC) is a student-run club based at NISER, Bhubaneswar. The club aims to create and motivate the interest of students towards the wonders of the sky. We engage in a diverse set of activities including telescope observation sessions, astrophotography tutorials, instrumentation and observations, outreach programs. We have our own annual magazine Kshitij which offers once-in-a-year opportunities to students all over the country to work with our talented team of editors and publish articles. The heart of the club lies in the imaginative dream of many of the club's former leaders - KALPANA, our ROR observatory housing the club's 11-inch Schmidt-Cassegrain and 8-inch Newtonian telescopes. The soul of the club on the other hand, lies in each and every member of the club and their relentless passion for stalking the night sky.

email: astroclub@niser.ac.in
instagram: astroclub_niser
youtube: @niser_astronomy_club
website: https://astroclub-niser.github.io/

Other than the usual list of activities mentioned above, our club in December 2025, organized an astrocoding workshop in collaboration with Naxatra, IISER Berhampur's Astronomy club. We also were awarded the 2nd prize in the Astronomy-themed experiments competition, 2024, organized by the Astronomy Center for Educators(ACE) of IUCAA, Pune, for the experiment that determined the orbital period of the Galilean moons using a smartphone and a 6"" telescope for data acquisition. One of the astrophotographs taken by our club was highly commended in Astronomad's APERTURE: Indian Astrophotography Competition, 2024. In the same year, the photograph was exhibited at M.P. Birla Planetaium, Kolkata. Our club also celebrated the first anniversary of KALPANA on last year's National Space Day, 23rd August. We have also had talks by numerous faculties from around the world. ","Blogs about the club's various activities like observation sessions, astrophography tutorials, coding workshops, experiments, etc.","How about a daily astronomy themed wordle? I feel like it has potential to pull in engagement to the website. If not something as straightforward as wordle, then maybe like a mini-crossword? I'm sure, considering the large number of clubs we have, we can get help from enough people to make this a daily thing. A club can do a whole week's worth of puzzles and then we can rotate.",,"Using the sheer number of members in the collaboration, I think we can do something like the British Astronomy Association (BAA) tutorials where we can have tutorials catered towards school kids or even college students for that matter, to raise awareness and increase accessibility to astronomy knowledge ranging from basic concepts to engaging vantage points into the world of research in astronomy and astrophysics (chem and bio too ofc, its just that the sentence would be too long). The diversity of backgrounds of our clubs (different sky conditions due to locations, different accessibility to equipment, resources, different academic backgrounds) will reflect in the tutorials... which is great! Moreover, all the clubs can contribute to this without any issues and it will improve our science communication skills. 

here's the link to the BAA tutorials for reference: 

https://britastro.org/tutorials?wpv_view_count=164412&wpv_post_search=&wpv-tutorial_difficulty=0&wpv_paged=1",https://astroclub-niser.github.io/
24/06/2026 00:08:39,"KMC Physics Astronomy Club, (Kirori Mal College, University of Delhi)","KMC Physics Astronomy Club is a student-led astronomy and astrophysics community under the Indian Synergy of Astronomy and Astrophysics Clubs (ISAAC). We bring together students passionate about astronomy through research discussions, observational activities, workshops, outreach programs, and collaborative learning.

Primary Contact
Email: kmcastroclub@gmail.com
Instagram: @kmc_astroclub
LinkedIn: KMC Physics Astronomy Club

Key Projects & Milestones
• Developing a student-built radio telescope for radio astronomy observations, including studies around the neutral hydrogen (21 cm) line.
• Conducting discussions and study groups on JWST discoveries, cosmology, and astrobiology.
• Organizing astronomy outreach and observation events such as Sky Watch, astrophotography workshops, and expert talks.
• Collaborated with Nehru Planetarium, Delhi, for major science outreach initiatives including Lunar Carnival 2025 and Vigyan Utsav 2026.
• Organized Stars for All (March 2026) in collaboration with CDRT, promoting accessible astronomy education for persons with disabilities; the initiative was featured by Hindustan Times.","Here at KMC Physics Astronomy Club, we aspire to build a research aptitude for all those who love the cosmos and aspire to build a career in Astrophysics and Astronomy, and adjoining fields. So, over the past year we have been working on several student led formal research projects. 
Besides, we run a monthly social media newsletter, on our instagram and linkedin pages that happens to cover the latest works and news in the fields of Astronomy, Astrophysics and Space Technology. 

As of now, we are working on three independent student led research projects, what follows is a small description of each of these projects

Project Ocean Worlds examines the habitability of Europa and Titan by studying agnostic biosignatures. The study contrasts Europa’s saline environments with Titan’s hydrocarbon lakes using computational simulations to predict mission findings.

21 cm Signal Project Hydrogen is the universe's most abundant element, forming stars and galaxies. Its hyperfine spin-flip transition reveals a galaxy's rotational velocity, hydrogen density, and self-absorption. This project focuses on building an affordable horn antenna radio telescope at 1420.4 MHz (21 cm line) to map the Milky Way's hydrogen density and rotation.

JWST Early Galaxy Conundrum Project aims to study theoretical and computational models that work on explaining the missing keys in the Lambda CDM model found by JWST data sets like JADES. The work aims to study the models that explain the formation and evolution of galaxies at high redshifts and at the edge of the Universe that are too massive for size. 

We have a separate group associated with a fixed plan and timeline assigned for each of these projects.
Besides this, we also have a few short term instrumentation and experimental works lined up for the upcoming tenure, and also a new research project that is currently in its ideation phase. 

At ISAAC, we would be grateful to be able to share our works in accordance with these projects ,our newsletter, and our upcoming research projects.","From our perspective, apart from individual club pages and blogs, we would like the ISAAC homepage to have features that help visitors connect with the astronomy community, discover opportunities, and learn something new every time they visit.

First, we would like to see a National Event Calendar that brings together upcoming astronomy-related events, workshops, webinars, observation sessions, competitions, and outreach programs organized by different ISAAC chapters. Having all events in one place would make it easier for students and astronomy enthusiasts to stay informed and participate actively.

Second, an Interactive India Chapter Map would be very useful. It would allow users to explore ISAAC chapters across the country, learn about their activities, and find contact information. We believe this would strengthen collaboration between chapters and help newcomers find a local astronomy community to join.

Third, we would like a Resource Library containing astronomy articles, observation guides, recorded lectures, beginner tutorials, and recommended learning materials. Such a section would make the website valuable not only as a community platform but also as a learning resource for students at different levels.","For our KMC Physics Astronomy Club, I think, few things are required which, if hosted by ISAAC website will be a great help. The first would be a research paper guide to different research problems/fields. Surely, there are many introductory astronomy or astrophysics book that provides good guide to any field. Yet, reading research paper is an essential thing for anyone's research journey, thus, if the website host research paper guide to different topics like Radio Astronomy, Galaxy formation, AGN, etc.

Second, since our club is doing different independent research projects which involves computational aspect very much, providing codes and guides for simulations or data analysis will be of great help too. Also, if ISAAC hosts about the ongoing research projects across all the clubs in it, it will be a quite enriching opportunities for every club to look into the research being done by there fellow mates.

Additionally, as many undergrad students often stuck in looking for internships or research groups working on problems of their interest. Thus, if the website host such related datas or references, that would not just help our club but every undergrad student in general.","To differentiate our website and significantly elevate the user experience, we can introduce a dedicated section for upcoming events and meetings. By implementing a centralized 'Upcoming Events' column, we can provide users with a streamlined, comprehensive overview of all scheduled activities, workshops, and meetings hosted across ISAAC's various participating clubs. This not only boosts user engagement but also ensures our community stays fully informed and connected. 
Moreover what if we actually publish resources for astronomy olympiads like nsea on our website, we could try to become an official partner of the HBCSE for astronomy olympiad prep. ",https://drive.google.com/drive/folders/1MRM1KmyNvRcLRKgxhYfn3QvvCL0s4vQY
27/06/2026 14:05:54,"Physics and Astronomy Club, IIT Roorkee","PaAC (Physics and Astronomy Club) is IIT Roorkee's own astro club. We mainly organise events such as stargazing and astrophotography sessions, guest lectures, science competitions and quizzes, journal clubs, and much more. We are also one of India's oldest Astronomy Clubs.

Website: https://paac.iitr.ac.in
Email ID: paac@iitr.ac.in
Instagram ID: @astro_iitr

Prominent Works:
1. Consistent participation in Inter IIT competitions in PS issued by ISRRO including Rank 2 in 2025-26.
2. Conducted India's largest Open Projects in the winter of 2025-26.
3. Some of our astrophotographs got featured in articles, eg. https://www.trinitynews.ie/2025/10/behind-the-blood-moon/","We can contribute articles related to Astronomy/Astrophysics, ideas for events, updates for our Open Projects, among other things.","1. Countdown to major astronomy events
2. Popular Indian Science Newsletters
3. Library of various Computational/Theoretical/Practical Astrophysics/Astronomy resources","We think that the best tool to help our chapter grow would be guides on how to spread the message of astronomy, and science in general to external students, not just college students, but middle and high school students too, in order to build scientific temper and rationale within them, essentially outreach event ideas and guides.

Also, a list of upcoming/ongoing Physics/Astronomy/Astrophotography competitions, be it national or international, would be good too.","We think that one unique feature the website of ISAAC could have is that it can display a list of major astronomy/astrophysics conferences taking place across India, this can later be expanded to Physics and Math as well.",https://drive.google.com/drive/u/2/folders/1KGY-VSn43uViOkgWFRIgeTqTcgF68oUl
29/06/2026 21:49:41,Antariksh -Astronomy Club VI,"ANTARIKSH is the Astronomy Club of Vishwakarma Institutes (Established in 2009) and is a student initiative under the guidance of faculty members with an aim to create interest and knowledge in the field of astronomy and space science among students. Through our club, we encourage and provide opportunities to students to opt for their career in this field by showing them the various options that can be explored by engineers. Antariksh is also one of the founding members of ISAAC (Indian Synergy of Astronomy and Astrophysics Clubs) and a founding member of ACP (Astro Clubs of Pune). Some of the activities organized by our club include Lecture Series, Star Party events, Workshops, Discussions etc. Our club not only gathers people who have the same interest in astronomy but also provides opportunities to get involved in this field. Students are encouraged to work on projects using telescopes and radio telescopes
Abhishek Abhang-7447395869
Kaushik Salunke
Shravya Bhandary
Nishant Patil
Azhar Ali
email-antairksh@vit.edu
social media links-https://www.linkedin.com/company/antarikshclubvi/
https://www.instagram.com/antarikshclubvi?igsh=ZmdlamlkcjQ4a2Qw
","Member Articles, Talk Reports, Event Posters","Astronomical event calender
-Recent Discoveries
-Todays skyz(objects to look for today)","Event hosting guides, study materials",Use space animations,https://drive.google.com/drive/folders/1p71iEjCdeWBwd1NbilAHyk65GNjaWT3U
09/07/2026 22:55:49,"Space Technology Students' Society, IIT Kharagpur","We are the Space Technology Student’s Society (better known as spAts), the official student body under Kalpana Chawla Space Technology Cell, which is the contact point of ISRO and IIT Kharagpur. spAts was founded when a diverse group of students sharing a common interest in space science and astronomy came together. It has since been the motto of spAts to spread awareness among the masses about the cosmos and simultaneously enhance our knowledge and understanding of space through activities and fun. Each individual of our Society has a thirst for knowledge and love being engaged in learning. Some lean towards the best technical stuff, some are interested towards the theoretical side of things, some love astronomy, reading, discussing current events and some love capturing the beauty of the night sky. We learn about stuff by building projects, having loads of discussions, exploring new skills and of course - dedicating towards space.

Our primary contact points are: Email - spats.iitkgp@gmail.com
Instagram - https://www.instagram.com/spats.nssc.iitkgp
LinkedIn -  https://www.linkedin.com/company/spats
Facebook - https://www.facebook.com/spAts.iitkgp

We annually conduct National Students' Space Challenge (NSSC), a national level Astro-Tech Fest, dedicated exclusively to space science, astronomy, and space technology, bringing together students who share a deep interest in the exploration and advancement of the space domain. We recently started a great initiative of writing and publishing Literature Reviews on various space-related domains and as of now we have published  20+ Literature reviews which can be accessed via our website (https://www.spats.co.in/publication). Using our 8"" newtonian reflector telescope, we have gathered various astrophotographs and combined them into an Astro Photography Catalogue (again can be accessed from https://www.spats.co.in/publication). Our work is not only limited to IIT Kharagpur students. We conduct Space Technology Awareness Camp (STAC) for students outside of the KGP campus, which provides them an unparalleled opportunity to launch into space, through hands-on activities like water rocketry workshops, space quizzes and astro-presentations. ",N/A,"ongoing or future projects open for students to work upon, societies open for collaborations for a certain event",N/A,N/A,One can visit our official webpage for the necessary resources.